OPEN-CLOSE,0PEN-EXCLOSE,HIGH-LOW,CLOSE-LOW,PRE-V,Y
-0.00598902,0,0.004201681,-0.013456617,0,1
0.019949707,-0.00167364,0.047160069,-0.000739098,0.555075411,0
0.003642083,-0.007149901,0.006224066,-0.010204082,-0.465082592,0
0.018518519,0.002061856,0.023319276,-0.003462715,0.513580268,1